step	semantic_branch_name	runtime_name	env_name	should_we_do_it
CREATE_VIRTUALENV	main	local	devops	
CREATE_VIRTUALENV	main	local	sbx	
CREATE_VIRTUALENV	main	local	tst	
CREATE_VIRTUALENV	main	local	stg	
CREATE_VIRTUALENV	main	local	prd	
CREATE_VIRTUALENV	main	ci	devops	
CREATE_VIRTUALENV	main	ci	sbx	
CREATE_VIRTUALENV	main	ci	tst	
CREATE_VIRTUALENV	main	ci	stg	
CREATE_VIRTUALENV	main	ci	prd	
CREATE_VIRTUALENV	feature	local	devops	
CREATE_VIRTUALENV	feature	local	sbx	
CREATE_VIRTUALENV	feature	local	tst	
CREATE_VIRTUALENV	feature	local	stg	
CREATE_VIRTUALENV	feature	local	prd	
CREATE_VIRTUALENV	feature	ci	devops	
CREATE_VIRTUALENV	feature	ci	sbx	
CREATE_VIRTUALENV	feature	ci	tst	
CREATE_VIRTUALENV	feature	ci	stg	
CREATE_VIRTUALENV	feature	ci	prd	
CREATE_VIRTUALENV	fix	local	devops	
CREATE_VIRTUALENV	fix	local	sbx	
CREATE_VIRTUALENV	fix	local	tst	
CREATE_VIRTUALENV	fix	local	stg	
CREATE_VIRTUALENV	fix	local	prd	
CREATE_VIRTUALENV	fix	ci	devops	
CREATE_VIRTUALENV	fix	ci	sbx	
CREATE_VIRTUALENV	fix	ci	tst	
CREATE_VIRTUALENV	fix	ci	stg	
CREATE_VIRTUALENV	fix	ci	prd	
CREATE_VIRTUALENV	doc	local	devops	
CREATE_VIRTUALENV	doc	local	sbx	
CREATE_VIRTUALENV	doc	local	tst	
CREATE_VIRTUALENV	doc	local	stg	
CREATE_VIRTUALENV	doc	local	prd	
CREATE_VIRTUALENV	doc	ci	devops	
CREATE_VIRTUALENV	doc	ci	sbx	
CREATE_VIRTUALENV	doc	ci	tst	
CREATE_VIRTUALENV	doc	ci	stg	
CREATE_VIRTUALENV	doc	ci	prd	
CREATE_VIRTUALENV	app	local	devops	
CREATE_VIRTUALENV	app	local	sbx	
CREATE_VIRTUALENV	app	local	tst	
CREATE_VIRTUALENV	app	local	stg	
CREATE_VIRTUALENV	app	local	prd	
CREATE_VIRTUALENV	app	ci	devops	
CREATE_VIRTUALENV	app	ci	sbx	
CREATE_VIRTUALENV	app	ci	tst	
CREATE_VIRTUALENV	app	ci	stg	
CREATE_VIRTUALENV	app	ci	prd	
CREATE_VIRTUALENV	release	local	devops	
CREATE_VIRTUALENV	release	local	sbx	
CREATE_VIRTUALENV	release	local	tst	
CREATE_VIRTUALENV	release	local	stg	
CREATE_VIRTUALENV	release	local	prd	
CREATE_VIRTUALENV	release	ci	devops	
CREATE_VIRTUALENV	release	ci	sbx	
CREATE_VIRTUALENV	release	ci	tst	
CREATE_VIRTUALENV	release	ci	stg	
CREATE_VIRTUALENV	release	ci	prd	
CREATE_VIRTUALENV	cleanup	local	devops	
CREATE_VIRTUALENV	cleanup	local	sbx	
CREATE_VIRTUALENV	cleanup	local	tst	
CREATE_VIRTUALENV	cleanup	local	stg	
CREATE_VIRTUALENV	cleanup	local	prd	
CREATE_VIRTUALENV	cleanup	ci	devops	
CREATE_VIRTUALENV	cleanup	ci	sbx	
CREATE_VIRTUALENV	cleanup	ci	tst	
CREATE_VIRTUALENV	cleanup	ci	stg	
CREATE_VIRTUALENV	cleanup	ci	prd	
INSTALL_DEPENDENCIES	main	local	devops	
INSTALL_DEPENDENCIES	main	local	sbx	
INSTALL_DEPENDENCIES	main	local	tst	
INSTALL_DEPENDENCIES	main	local	stg	
INSTALL_DEPENDENCIES	main	local	prd	
INSTALL_DEPENDENCIES	main	ci	devops	
INSTALL_DEPENDENCIES	main	ci	sbx	
INSTALL_DEPENDENCIES	main	ci	tst	
INSTALL_DEPENDENCIES	main	ci	stg	
INSTALL_DEPENDENCIES	main	ci	prd	
INSTALL_DEPENDENCIES	feature	local	devops	
INSTALL_DEPENDENCIES	feature	local	sbx	
INSTALL_DEPENDENCIES	feature	local	tst	
INSTALL_DEPENDENCIES	feature	local	stg	
INSTALL_DEPENDENCIES	feature	local	prd	
INSTALL_DEPENDENCIES	feature	ci	devops	
INSTALL_DEPENDENCIES	feature	ci	sbx	
INSTALL_DEPENDENCIES	feature	ci	tst	
INSTALL_DEPENDENCIES	feature	ci	stg	
INSTALL_DEPENDENCIES	feature	ci	prd	
INSTALL_DEPENDENCIES	fix	local	devops	
INSTALL_DEPENDENCIES	fix	local	sbx	
INSTALL_DEPENDENCIES	fix	local	tst	
INSTALL_DEPENDENCIES	fix	local	stg	
INSTALL_DEPENDENCIES	fix	local	prd	
INSTALL_DEPENDENCIES	fix	ci	devops	
INSTALL_DEPENDENCIES	fix	ci	sbx	
INSTALL_DEPENDENCIES	fix	ci	tst	
INSTALL_DEPENDENCIES	fix	ci	stg	
INSTALL_DEPENDENCIES	fix	ci	prd	
INSTALL_DEPENDENCIES	doc	local	devops	
INSTALL_DEPENDENCIES	doc	local	sbx	
INSTALL_DEPENDENCIES	doc	local	tst	
INSTALL_DEPENDENCIES	doc	local	stg	
INSTALL_DEPENDENCIES	doc	local	prd	
INSTALL_DEPENDENCIES	doc	ci	devops	
INSTALL_DEPENDENCIES	doc	ci	sbx	
INSTALL_DEPENDENCIES	doc	ci	tst	
INSTALL_DEPENDENCIES	doc	ci	stg	
INSTALL_DEPENDENCIES	doc	ci	prd	
INSTALL_DEPENDENCIES	app	local	devops	
INSTALL_DEPENDENCIES	app	local	sbx	
INSTALL_DEPENDENCIES	app	local	tst	
INSTALL_DEPENDENCIES	app	local	stg	
INSTALL_DEPENDENCIES	app	local	prd	
INSTALL_DEPENDENCIES	app	ci	devops	
INSTALL_DEPENDENCIES	app	ci	sbx	
INSTALL_DEPENDENCIES	app	ci	tst	
INSTALL_DEPENDENCIES	app	ci	stg	
INSTALL_DEPENDENCIES	app	ci	prd	
INSTALL_DEPENDENCIES	release	local	devops	
INSTALL_DEPENDENCIES	release	local	sbx	
INSTALL_DEPENDENCIES	release	local	tst	
INSTALL_DEPENDENCIES	release	local	stg	
INSTALL_DEPENDENCIES	release	local	prd	
INSTALL_DEPENDENCIES	release	ci	devops	
INSTALL_DEPENDENCIES	release	ci	sbx	
INSTALL_DEPENDENCIES	release	ci	tst	
INSTALL_DEPENDENCIES	release	ci	stg	
INSTALL_DEPENDENCIES	release	ci	prd	
INSTALL_DEPENDENCIES	cleanup	local	devops	
INSTALL_DEPENDENCIES	cleanup	local	sbx	
INSTALL_DEPENDENCIES	cleanup	local	tst	
INSTALL_DEPENDENCIES	cleanup	local	stg	
INSTALL_DEPENDENCIES	cleanup	local	prd	
INSTALL_DEPENDENCIES	cleanup	ci	devops	
INSTALL_DEPENDENCIES	cleanup	ci	sbx	
INSTALL_DEPENDENCIES	cleanup	ci	tst	
INSTALL_DEPENDENCIES	cleanup	ci	stg	
INSTALL_DEPENDENCIES	cleanup	ci	prd	
DEPLOY_CONFIG	main	local	devops	
DEPLOY_CONFIG	main	local	sbx	
DEPLOY_CONFIG	main	local	tst	
DEPLOY_CONFIG	main	local	stg	
DEPLOY_CONFIG	main	local	prd	
DEPLOY_CONFIG	main	ci	devops	
DEPLOY_CONFIG	main	ci	sbx	
DEPLOY_CONFIG	main	ci	tst	
DEPLOY_CONFIG	main	ci	stg	
DEPLOY_CONFIG	main	ci	prd	
DEPLOY_CONFIG	feature	local	devops	
DEPLOY_CONFIG	feature	local	sbx	
DEPLOY_CONFIG	feature	local	tst	
DEPLOY_CONFIG	feature	local	stg	
DEPLOY_CONFIG	feature	local	prd	
DEPLOY_CONFIG	feature	ci	devops	
DEPLOY_CONFIG	feature	ci	sbx	
DEPLOY_CONFIG	feature	ci	tst	
DEPLOY_CONFIG	feature	ci	stg	
DEPLOY_CONFIG	feature	ci	prd	
DEPLOY_CONFIG	fix	local	devops	
DEPLOY_CONFIG	fix	local	sbx	
DEPLOY_CONFIG	fix	local	tst	
DEPLOY_CONFIG	fix	local	stg	
DEPLOY_CONFIG	fix	local	prd	
DEPLOY_CONFIG	fix	ci	devops	
DEPLOY_CONFIG	fix	ci	sbx	
DEPLOY_CONFIG	fix	ci	tst	
DEPLOY_CONFIG	fix	ci	stg	
DEPLOY_CONFIG	fix	ci	prd	
DEPLOY_CONFIG	doc	local	devops	
DEPLOY_CONFIG	doc	local	sbx	
DEPLOY_CONFIG	doc	local	tst	
DEPLOY_CONFIG	doc	local	stg	
DEPLOY_CONFIG	doc	local	prd	
DEPLOY_CONFIG	doc	ci	devops	
DEPLOY_CONFIG	doc	ci	sbx	
DEPLOY_CONFIG	doc	ci	tst	
DEPLOY_CONFIG	doc	ci	stg	
DEPLOY_CONFIG	doc	ci	prd	
DEPLOY_CONFIG	app	local	devops	
DEPLOY_CONFIG	app	local	sbx	
DEPLOY_CONFIG	app	local	tst	
DEPLOY_CONFIG	app	local	stg	
DEPLOY_CONFIG	app	local	prd	
DEPLOY_CONFIG	app	ci	devops	
DEPLOY_CONFIG	app	ci	sbx	
DEPLOY_CONFIG	app	ci	tst	
DEPLOY_CONFIG	app	ci	stg	
DEPLOY_CONFIG	app	ci	prd	
DEPLOY_CONFIG	release	local	devops	
DEPLOY_CONFIG	release	local	sbx	
DEPLOY_CONFIG	release	local	tst	
DEPLOY_CONFIG	release	local	stg	
DEPLOY_CONFIG	release	local	prd	
DEPLOY_CONFIG	release	ci	devops	
DEPLOY_CONFIG	release	ci	sbx	
DEPLOY_CONFIG	release	ci	tst	
DEPLOY_CONFIG	release	ci	stg	
DEPLOY_CONFIG	release	ci	prd	
DEPLOY_CONFIG	cleanup	local	devops	
DEPLOY_CONFIG	cleanup	local	sbx	
DEPLOY_CONFIG	cleanup	local	tst	
DEPLOY_CONFIG	cleanup	local	stg	
DEPLOY_CONFIG	cleanup	local	prd	
DEPLOY_CONFIG	cleanup	ci	devops	
DEPLOY_CONFIG	cleanup	ci	sbx	
DEPLOY_CONFIG	cleanup	ci	tst	
DEPLOY_CONFIG	cleanup	ci	stg	
DEPLOY_CONFIG	cleanup	ci	prd	
RUN_CODE_COVERAGE_TEST	main	local	devops	
RUN_CODE_COVERAGE_TEST	main	local	sbx	
RUN_CODE_COVERAGE_TEST	main	local	tst	
RUN_CODE_COVERAGE_TEST	main	local	stg	
RUN_CODE_COVERAGE_TEST	main	local	prd	
RUN_CODE_COVERAGE_TEST	main	ci	devops	
RUN_CODE_COVERAGE_TEST	main	ci	sbx	
RUN_CODE_COVERAGE_TEST	main	ci	tst	
RUN_CODE_COVERAGE_TEST	main	ci	stg	
RUN_CODE_COVERAGE_TEST	main	ci	prd	
RUN_CODE_COVERAGE_TEST	feature	local	devops	
RUN_CODE_COVERAGE_TEST	feature	local	sbx	
RUN_CODE_COVERAGE_TEST	feature	local	tst	
RUN_CODE_COVERAGE_TEST	feature	local	stg	
RUN_CODE_COVERAGE_TEST	feature	local	prd	
RUN_CODE_COVERAGE_TEST	feature	ci	devops	
RUN_CODE_COVERAGE_TEST	feature	ci	sbx	
RUN_CODE_COVERAGE_TEST	feature	ci	tst	
RUN_CODE_COVERAGE_TEST	feature	ci	stg	
RUN_CODE_COVERAGE_TEST	feature	ci	prd	
RUN_CODE_COVERAGE_TEST	fix	local	devops	
RUN_CODE_COVERAGE_TEST	fix	local	sbx	
RUN_CODE_COVERAGE_TEST	fix	local	tst	
RUN_CODE_COVERAGE_TEST	fix	local	stg	
RUN_CODE_COVERAGE_TEST	fix	local	prd	
RUN_CODE_COVERAGE_TEST	fix	ci	devops	
RUN_CODE_COVERAGE_TEST	fix	ci	sbx	
RUN_CODE_COVERAGE_TEST	fix	ci	tst	
RUN_CODE_COVERAGE_TEST	fix	ci	stg	
RUN_CODE_COVERAGE_TEST	fix	ci	prd	
RUN_CODE_COVERAGE_TEST	doc	local	devops	
RUN_CODE_COVERAGE_TEST	doc	local	sbx	
RUN_CODE_COVERAGE_TEST	doc	local	tst	
RUN_CODE_COVERAGE_TEST	doc	local	stg	
RUN_CODE_COVERAGE_TEST	doc	local	prd	
RUN_CODE_COVERAGE_TEST	doc	ci	devops	
RUN_CODE_COVERAGE_TEST	doc	ci	sbx	
RUN_CODE_COVERAGE_TEST	doc	ci	tst	
RUN_CODE_COVERAGE_TEST	doc	ci	stg	
RUN_CODE_COVERAGE_TEST	doc	ci	prd	
RUN_CODE_COVERAGE_TEST	app	local	devops	
RUN_CODE_COVERAGE_TEST	app	local	sbx	
RUN_CODE_COVERAGE_TEST	app	local	tst	
RUN_CODE_COVERAGE_TEST	app	local	stg	
RUN_CODE_COVERAGE_TEST	app	local	prd	
RUN_CODE_COVERAGE_TEST	app	ci	devops	
RUN_CODE_COVERAGE_TEST	app	ci	sbx	
RUN_CODE_COVERAGE_TEST	app	ci	tst	
RUN_CODE_COVERAGE_TEST	app	ci	stg	
RUN_CODE_COVERAGE_TEST	app	ci	prd	
RUN_CODE_COVERAGE_TEST	release	local	devops	
RUN_CODE_COVERAGE_TEST	release	local	sbx	
RUN_CODE_COVERAGE_TEST	release	local	tst	
RUN_CODE_COVERAGE_TEST	release	local	stg	
RUN_CODE_COVERAGE_TEST	release	local	prd	
RUN_CODE_COVERAGE_TEST	release	ci	devops	
RUN_CODE_COVERAGE_TEST	release	ci	sbx	
RUN_CODE_COVERAGE_TEST	release	ci	tst	
RUN_CODE_COVERAGE_TEST	release	ci	stg	
RUN_CODE_COVERAGE_TEST	release	ci	prd	
RUN_CODE_COVERAGE_TEST	cleanup	local	devops	
RUN_CODE_COVERAGE_TEST	cleanup	local	sbx	
RUN_CODE_COVERAGE_TEST	cleanup	local	tst	
RUN_CODE_COVERAGE_TEST	cleanup	local	stg	
RUN_CODE_COVERAGE_TEST	cleanup	local	prd	
RUN_CODE_COVERAGE_TEST	cleanup	ci	devops	
RUN_CODE_COVERAGE_TEST	cleanup	ci	sbx	
RUN_CODE_COVERAGE_TEST	cleanup	ci	tst	
RUN_CODE_COVERAGE_TEST	cleanup	ci	stg	
RUN_CODE_COVERAGE_TEST	cleanup	ci	prd	
BUILD_DOCUMENTATION	main	local	devops	
BUILD_DOCUMENTATION	main	local	sbx	
BUILD_DOCUMENTATION	main	local	tst	
BUILD_DOCUMENTATION	main	local	stg	
BUILD_DOCUMENTATION	main	local	prd	
BUILD_DOCUMENTATION	main	ci	devops	
BUILD_DOCUMENTATION	main	ci	sbx	
BUILD_DOCUMENTATION	main	ci	tst	
BUILD_DOCUMENTATION	main	ci	stg	
BUILD_DOCUMENTATION	main	ci	prd	
BUILD_DOCUMENTATION	feature	local	devops	
BUILD_DOCUMENTATION	feature	local	sbx	
BUILD_DOCUMENTATION	feature	local	tst	
BUILD_DOCUMENTATION	feature	local	stg	
BUILD_DOCUMENTATION	feature	local	prd	
BUILD_DOCUMENTATION	feature	ci	devops	
BUILD_DOCUMENTATION	feature	ci	sbx	
BUILD_DOCUMENTATION	feature	ci	tst	
BUILD_DOCUMENTATION	feature	ci	stg	
BUILD_DOCUMENTATION	feature	ci	prd	
BUILD_DOCUMENTATION	fix	local	devops	
BUILD_DOCUMENTATION	fix	local	sbx	
BUILD_DOCUMENTATION	fix	local	tst	
BUILD_DOCUMENTATION	fix	local	stg	
BUILD_DOCUMENTATION	fix	local	prd	
BUILD_DOCUMENTATION	fix	ci	devops	
BUILD_DOCUMENTATION	fix	ci	sbx	
BUILD_DOCUMENTATION	fix	ci	tst	
BUILD_DOCUMENTATION	fix	ci	stg	
BUILD_DOCUMENTATION	fix	ci	prd	
BUILD_DOCUMENTATION	doc	local	devops	
BUILD_DOCUMENTATION	doc	local	sbx	
BUILD_DOCUMENTATION	doc	local	tst	
BUILD_DOCUMENTATION	doc	local	stg	
BUILD_DOCUMENTATION	doc	local	prd	
BUILD_DOCUMENTATION	doc	ci	devops	
BUILD_DOCUMENTATION	doc	ci	sbx	
BUILD_DOCUMENTATION	doc	ci	tst	
BUILD_DOCUMENTATION	doc	ci	stg	
BUILD_DOCUMENTATION	doc	ci	prd	
BUILD_DOCUMENTATION	app	local	devops	
BUILD_DOCUMENTATION	app	local	sbx	
BUILD_DOCUMENTATION	app	local	tst	
BUILD_DOCUMENTATION	app	local	stg	
BUILD_DOCUMENTATION	app	local	prd	
BUILD_DOCUMENTATION	app	ci	devops	
BUILD_DOCUMENTATION	app	ci	sbx	
BUILD_DOCUMENTATION	app	ci	tst	
BUILD_DOCUMENTATION	app	ci	stg	
BUILD_DOCUMENTATION	app	ci	prd	
BUILD_DOCUMENTATION	release	local	devops	
BUILD_DOCUMENTATION	release	local	sbx	
BUILD_DOCUMENTATION	release	local	tst	
BUILD_DOCUMENTATION	release	local	stg	
BUILD_DOCUMENTATION	release	local	prd	
BUILD_DOCUMENTATION	release	ci	devops	
BUILD_DOCUMENTATION	release	ci	sbx	
BUILD_DOCUMENTATION	release	ci	tst	
BUILD_DOCUMENTATION	release	ci	stg	
BUILD_DOCUMENTATION	release	ci	prd	
BUILD_DOCUMENTATION	cleanup	local	devops	
BUILD_DOCUMENTATION	cleanup	local	sbx	
BUILD_DOCUMENTATION	cleanup	local	tst	
BUILD_DOCUMENTATION	cleanup	local	stg	
BUILD_DOCUMENTATION	cleanup	local	prd	
BUILD_DOCUMENTATION	cleanup	ci	devops	
BUILD_DOCUMENTATION	cleanup	ci	sbx	
BUILD_DOCUMENTATION	cleanup	ci	tst	
BUILD_DOCUMENTATION	cleanup	ci	stg	
BUILD_DOCUMENTATION	cleanup	ci	prd	
UPDATE_DOCUMENTATION	main	local	devops	
UPDATE_DOCUMENTATION	main	local	sbx	
UPDATE_DOCUMENTATION	main	local	tst	
UPDATE_DOCUMENTATION	main	local	stg	
UPDATE_DOCUMENTATION	main	local	prd	
UPDATE_DOCUMENTATION	main	ci	devops	
UPDATE_DOCUMENTATION	main	ci	sbx	
UPDATE_DOCUMENTATION	main	ci	tst	
UPDATE_DOCUMENTATION	main	ci	stg	
UPDATE_DOCUMENTATION	main	ci	prd	
UPDATE_DOCUMENTATION	feature	local	devops	
UPDATE_DOCUMENTATION	feature	local	sbx	
UPDATE_DOCUMENTATION	feature	local	tst	
UPDATE_DOCUMENTATION	feature	local	stg	
UPDATE_DOCUMENTATION	feature	local	prd	
UPDATE_DOCUMENTATION	feature	ci	devops	
UPDATE_DOCUMENTATION	feature	ci	sbx	
UPDATE_DOCUMENTATION	feature	ci	tst	
UPDATE_DOCUMENTATION	feature	ci	stg	
UPDATE_DOCUMENTATION	feature	ci	prd	
UPDATE_DOCUMENTATION	fix	local	devops	
UPDATE_DOCUMENTATION	fix	local	sbx	
UPDATE_DOCUMENTATION	fix	local	tst	
UPDATE_DOCUMENTATION	fix	local	stg	
UPDATE_DOCUMENTATION	fix	local	prd	
UPDATE_DOCUMENTATION	fix	ci	devops	
UPDATE_DOCUMENTATION	fix	ci	sbx	
UPDATE_DOCUMENTATION	fix	ci	tst	
UPDATE_DOCUMENTATION	fix	ci	stg	
UPDATE_DOCUMENTATION	fix	ci	prd	
UPDATE_DOCUMENTATION	doc	local	devops	
UPDATE_DOCUMENTATION	doc	local	sbx	
UPDATE_DOCUMENTATION	doc	local	tst	
UPDATE_DOCUMENTATION	doc	local	stg	
UPDATE_DOCUMENTATION	doc	local	prd	
UPDATE_DOCUMENTATION	doc	ci	devops	
UPDATE_DOCUMENTATION	doc	ci	sbx	
UPDATE_DOCUMENTATION	doc	ci	tst	
UPDATE_DOCUMENTATION	doc	ci	stg	
UPDATE_DOCUMENTATION	doc	ci	prd	
UPDATE_DOCUMENTATION	app	local	devops	
UPDATE_DOCUMENTATION	app	local	sbx	
UPDATE_DOCUMENTATION	app	local	tst	
UPDATE_DOCUMENTATION	app	local	stg	
UPDATE_DOCUMENTATION	app	local	prd	
UPDATE_DOCUMENTATION	app	ci	devops	
UPDATE_DOCUMENTATION	app	ci	sbx	
UPDATE_DOCUMENTATION	app	ci	tst	
UPDATE_DOCUMENTATION	app	ci	stg	
UPDATE_DOCUMENTATION	app	ci	prd	
UPDATE_DOCUMENTATION	release	local	devops	
UPDATE_DOCUMENTATION	release	local	sbx	
UPDATE_DOCUMENTATION	release	local	tst	
UPDATE_DOCUMENTATION	release	local	stg	
UPDATE_DOCUMENTATION	release	local	prd	
UPDATE_DOCUMENTATION	release	ci	devops	
UPDATE_DOCUMENTATION	release	ci	sbx	
UPDATE_DOCUMENTATION	release	ci	tst	
UPDATE_DOCUMENTATION	release	ci	stg	
UPDATE_DOCUMENTATION	release	ci	prd	
UPDATE_DOCUMENTATION	cleanup	local	devops	
UPDATE_DOCUMENTATION	cleanup	local	sbx	
UPDATE_DOCUMENTATION	cleanup	local	tst	
UPDATE_DOCUMENTATION	cleanup	local	stg	
UPDATE_DOCUMENTATION	cleanup	local	prd	
UPDATE_DOCUMENTATION	cleanup	ci	devops	
UPDATE_DOCUMENTATION	cleanup	ci	sbx	
UPDATE_DOCUMENTATION	cleanup	ci	tst	
UPDATE_DOCUMENTATION	cleanup	ci	stg	
UPDATE_DOCUMENTATION	cleanup	ci	prd	
DEPLOY_CDK_STACK	main	local	devops	
DEPLOY_CDK_STACK	main	local	sbx	
DEPLOY_CDK_STACK	main	local	tst	
DEPLOY_CDK_STACK	main	local	stg	
DEPLOY_CDK_STACK	main	local	prd	
DEPLOY_CDK_STACK	main	ci	devops	
DEPLOY_CDK_STACK	main	ci	sbx	
DEPLOY_CDK_STACK	main	ci	tst	
DEPLOY_CDK_STACK	main	ci	stg	
DEPLOY_CDK_STACK	main	ci	prd	
DEPLOY_CDK_STACK	feature	local	devops	
DEPLOY_CDK_STACK	feature	local	sbx	
DEPLOY_CDK_STACK	feature	local	tst	
DEPLOY_CDK_STACK	feature	local	stg	
DEPLOY_CDK_STACK	feature	local	prd	
DEPLOY_CDK_STACK	feature	ci	devops	
DEPLOY_CDK_STACK	feature	ci	sbx	
DEPLOY_CDK_STACK	feature	ci	tst	
DEPLOY_CDK_STACK	feature	ci	stg	
DEPLOY_CDK_STACK	feature	ci	prd	
DEPLOY_CDK_STACK	fix	local	devops	
DEPLOY_CDK_STACK	fix	local	sbx	
DEPLOY_CDK_STACK	fix	local	tst	
DEPLOY_CDK_STACK	fix	local	stg	
DEPLOY_CDK_STACK	fix	local	prd	
DEPLOY_CDK_STACK	fix	ci	devops	
DEPLOY_CDK_STACK	fix	ci	sbx	
DEPLOY_CDK_STACK	fix	ci	tst	
DEPLOY_CDK_STACK	fix	ci	stg	
DEPLOY_CDK_STACK	fix	ci	prd	
DEPLOY_CDK_STACK	doc	local	devops	
DEPLOY_CDK_STACK	doc	local	sbx	
DEPLOY_CDK_STACK	doc	local	tst	
DEPLOY_CDK_STACK	doc	local	stg	
DEPLOY_CDK_STACK	doc	local	prd	
DEPLOY_CDK_STACK	doc	ci	devops	
DEPLOY_CDK_STACK	doc	ci	sbx	
DEPLOY_CDK_STACK	doc	ci	tst	
DEPLOY_CDK_STACK	doc	ci	stg	
DEPLOY_CDK_STACK	doc	ci	prd	
DEPLOY_CDK_STACK	app	local	devops	
DEPLOY_CDK_STACK	app	local	sbx	
DEPLOY_CDK_STACK	app	local	tst	
DEPLOY_CDK_STACK	app	local	stg	
DEPLOY_CDK_STACK	app	local	prd	
DEPLOY_CDK_STACK	app	ci	devops	
DEPLOY_CDK_STACK	app	ci	sbx	
DEPLOY_CDK_STACK	app	ci	tst	
DEPLOY_CDK_STACK	app	ci	stg	
DEPLOY_CDK_STACK	app	ci	prd	
DEPLOY_CDK_STACK	release	local	devops	
DEPLOY_CDK_STACK	release	local	sbx	
DEPLOY_CDK_STACK	release	local	tst	
DEPLOY_CDK_STACK	release	local	stg	
DEPLOY_CDK_STACK	release	local	prd	
DEPLOY_CDK_STACK	release	ci	devops	
DEPLOY_CDK_STACK	release	ci	sbx	
DEPLOY_CDK_STACK	release	ci	tst	
DEPLOY_CDK_STACK	release	ci	stg	
DEPLOY_CDK_STACK	release	ci	prd	
DEPLOY_CDK_STACK	cleanup	local	devops	
DEPLOY_CDK_STACK	cleanup	local	sbx	
DEPLOY_CDK_STACK	cleanup	local	tst	
DEPLOY_CDK_STACK	cleanup	local	stg	
DEPLOY_CDK_STACK	cleanup	local	prd	
DEPLOY_CDK_STACK	cleanup	ci	devops	
DEPLOY_CDK_STACK	cleanup	ci	sbx	
DEPLOY_CDK_STACK	cleanup	ci	tst	
DEPLOY_CDK_STACK	cleanup	ci	stg	
DEPLOY_CDK_STACK	cleanup	ci	prd	
RUN_INTEGRATION_TEST	main	local	devops	
RUN_INTEGRATION_TEST	main	local	sbx	
RUN_INTEGRATION_TEST	main	local	tst	
RUN_INTEGRATION_TEST	main	local	stg	
RUN_INTEGRATION_TEST	main	local	prd	
RUN_INTEGRATION_TEST	main	ci	devops	
RUN_INTEGRATION_TEST	main	ci	sbx	
RUN_INTEGRATION_TEST	main	ci	tst	
RUN_INTEGRATION_TEST	main	ci	stg	
RUN_INTEGRATION_TEST	main	ci	prd	
RUN_INTEGRATION_TEST	feature	local	devops	
RUN_INTEGRATION_TEST	feature	local	sbx	
RUN_INTEGRATION_TEST	feature	local	tst	
RUN_INTEGRATION_TEST	feature	local	stg	
RUN_INTEGRATION_TEST	feature	local	prd	
RUN_INTEGRATION_TEST	feature	ci	devops	
RUN_INTEGRATION_TEST	feature	ci	sbx	
RUN_INTEGRATION_TEST	feature	ci	tst	
RUN_INTEGRATION_TEST	feature	ci	stg	
RUN_INTEGRATION_TEST	feature	ci	prd	
RUN_INTEGRATION_TEST	fix	local	devops	
RUN_INTEGRATION_TEST	fix	local	sbx	
RUN_INTEGRATION_TEST	fix	local	tst	
RUN_INTEGRATION_TEST	fix	local	stg	
RUN_INTEGRATION_TEST	fix	local	prd	
RUN_INTEGRATION_TEST	fix	ci	devops	
RUN_INTEGRATION_TEST	fix	ci	sbx	
RUN_INTEGRATION_TEST	fix	ci	tst	
RUN_INTEGRATION_TEST	fix	ci	stg	
RUN_INTEGRATION_TEST	fix	ci	prd	
RUN_INTEGRATION_TEST	doc	local	devops	
RUN_INTEGRATION_TEST	doc	local	sbx	
RUN_INTEGRATION_TEST	doc	local	tst	
RUN_INTEGRATION_TEST	doc	local	stg	
RUN_INTEGRATION_TEST	doc	local	prd	
RUN_INTEGRATION_TEST	doc	ci	devops	
RUN_INTEGRATION_TEST	doc	ci	sbx	
RUN_INTEGRATION_TEST	doc	ci	tst	
RUN_INTEGRATION_TEST	doc	ci	stg	
RUN_INTEGRATION_TEST	doc	ci	prd	
RUN_INTEGRATION_TEST	app	local	devops	
RUN_INTEGRATION_TEST	app	local	sbx	
RUN_INTEGRATION_TEST	app	local	tst	
RUN_INTEGRATION_TEST	app	local	stg	
RUN_INTEGRATION_TEST	app	local	prd	
RUN_INTEGRATION_TEST	app	ci	devops	
RUN_INTEGRATION_TEST	app	ci	sbx	
RUN_INTEGRATION_TEST	app	ci	tst	
RUN_INTEGRATION_TEST	app	ci	stg	
RUN_INTEGRATION_TEST	app	ci	prd	
RUN_INTEGRATION_TEST	release	local	devops	
RUN_INTEGRATION_TEST	release	local	sbx	
RUN_INTEGRATION_TEST	release	local	tst	
RUN_INTEGRATION_TEST	release	local	stg	
RUN_INTEGRATION_TEST	release	local	prd	
RUN_INTEGRATION_TEST	release	ci	devops	
RUN_INTEGRATION_TEST	release	ci	sbx	
RUN_INTEGRATION_TEST	release	ci	tst	
RUN_INTEGRATION_TEST	release	ci	stg	
RUN_INTEGRATION_TEST	release	ci	prd	
RUN_INTEGRATION_TEST	cleanup	local	devops	
RUN_INTEGRATION_TEST	cleanup	local	sbx	
RUN_INTEGRATION_TEST	cleanup	local	tst	
RUN_INTEGRATION_TEST	cleanup	local	stg	
RUN_INTEGRATION_TEST	cleanup	local	prd	
RUN_INTEGRATION_TEST	cleanup	ci	devops	
RUN_INTEGRATION_TEST	cleanup	ci	sbx	
RUN_INTEGRATION_TEST	cleanup	ci	tst	
RUN_INTEGRATION_TEST	cleanup	ci	stg	
RUN_INTEGRATION_TEST	cleanup	ci	prd	
CREATE_ARTIFACT_SNAPSHOT	main	local	devops	
CREATE_ARTIFACT_SNAPSHOT	main	local	sbx	
CREATE_ARTIFACT_SNAPSHOT	main	local	tst	
CREATE_ARTIFACT_SNAPSHOT	main	local	stg	
CREATE_ARTIFACT_SNAPSHOT	main	local	prd	
CREATE_ARTIFACT_SNAPSHOT	main	ci	devops	
CREATE_ARTIFACT_SNAPSHOT	main	ci	sbx	
CREATE_ARTIFACT_SNAPSHOT	main	ci	tst	
CREATE_ARTIFACT_SNAPSHOT	main	ci	stg	
CREATE_ARTIFACT_SNAPSHOT	main	ci	prd	
CREATE_ARTIFACT_SNAPSHOT	feature	local	devops	
CREATE_ARTIFACT_SNAPSHOT	feature	local	sbx	
CREATE_ARTIFACT_SNAPSHOT	feature	local	tst	
CREATE_ARTIFACT_SNAPSHOT	feature	local	stg	
CREATE_ARTIFACT_SNAPSHOT	feature	local	prd	
CREATE_ARTIFACT_SNAPSHOT	feature	ci	devops	
CREATE_ARTIFACT_SNAPSHOT	feature	ci	sbx	
CREATE_ARTIFACT_SNAPSHOT	feature	ci	tst	
CREATE_ARTIFACT_SNAPSHOT	feature	ci	stg	
CREATE_ARTIFACT_SNAPSHOT	feature	ci	prd	
CREATE_ARTIFACT_SNAPSHOT	fix	local	devops	
CREATE_ARTIFACT_SNAPSHOT	fix	local	sbx	
CREATE_ARTIFACT_SNAPSHOT	fix	local	tst	
CREATE_ARTIFACT_SNAPSHOT	fix	local	stg	
CREATE_ARTIFACT_SNAPSHOT	fix	local	prd	
CREATE_ARTIFACT_SNAPSHOT	fix	ci	devops	
CREATE_ARTIFACT_SNAPSHOT	fix	ci	sbx	
CREATE_ARTIFACT_SNAPSHOT	fix	ci	tst	
CREATE_ARTIFACT_SNAPSHOT	fix	ci	stg	
CREATE_ARTIFACT_SNAPSHOT	fix	ci	prd	
CREATE_ARTIFACT_SNAPSHOT	doc	local	devops	
CREATE_ARTIFACT_SNAPSHOT	doc	local	sbx	
CREATE_ARTIFACT_SNAPSHOT	doc	local	tst	
CREATE_ARTIFACT_SNAPSHOT	doc	local	stg	
CREATE_ARTIFACT_SNAPSHOT	doc	local	prd	
CREATE_ARTIFACT_SNAPSHOT	doc	ci	devops	
CREATE_ARTIFACT_SNAPSHOT	doc	ci	sbx	
CREATE_ARTIFACT_SNAPSHOT	doc	ci	tst	
CREATE_ARTIFACT_SNAPSHOT	doc	ci	stg	
CREATE_ARTIFACT_SNAPSHOT	doc	ci	prd	
CREATE_ARTIFACT_SNAPSHOT	app	local	devops	
CREATE_ARTIFACT_SNAPSHOT	app	local	sbx	
CREATE_ARTIFACT_SNAPSHOT	app	local	tst	
CREATE_ARTIFACT_SNAPSHOT	app	local	stg	
CREATE_ARTIFACT_SNAPSHOT	app	local	prd	
CREATE_ARTIFACT_SNAPSHOT	app	ci	devops	
CREATE_ARTIFACT_SNAPSHOT	app	ci	sbx	
CREATE_ARTIFACT_SNAPSHOT	app	ci	tst	
CREATE_ARTIFACT_SNAPSHOT	app	ci	stg	
CREATE_ARTIFACT_SNAPSHOT	app	ci	prd	
CREATE_ARTIFACT_SNAPSHOT	release	local	devops	
CREATE_ARTIFACT_SNAPSHOT	release	local	sbx	
CREATE_ARTIFACT_SNAPSHOT	release	local	tst	
CREATE_ARTIFACT_SNAPSHOT	release	local	stg	
CREATE_ARTIFACT_SNAPSHOT	release	local	prd	
CREATE_ARTIFACT_SNAPSHOT	release	ci	devops	
CREATE_ARTIFACT_SNAPSHOT	release	ci	sbx	
CREATE_ARTIFACT_SNAPSHOT	release	ci	tst	
CREATE_ARTIFACT_SNAPSHOT	release	ci	stg	
CREATE_ARTIFACT_SNAPSHOT	release	ci	prd	
CREATE_ARTIFACT_SNAPSHOT	cleanup	local	devops	
CREATE_ARTIFACT_SNAPSHOT	cleanup	local	sbx	
CREATE_ARTIFACT_SNAPSHOT	cleanup	local	tst	
CREATE_ARTIFACT_SNAPSHOT	cleanup	local	stg	
CREATE_ARTIFACT_SNAPSHOT	cleanup	local	prd	
CREATE_ARTIFACT_SNAPSHOT	cleanup	ci	devops	
CREATE_ARTIFACT_SNAPSHOT	cleanup	ci	sbx	
CREATE_ARTIFACT_SNAPSHOT	cleanup	ci	tst	
CREATE_ARTIFACT_SNAPSHOT	cleanup	ci	stg	
CREATE_ARTIFACT_SNAPSHOT	cleanup	ci	prd	
CREATE_GIT_TAG	main	local	devops	
CREATE_GIT_TAG	main	local	sbx	
CREATE_GIT_TAG	main	local	tst	
CREATE_GIT_TAG	main	local	stg	
CREATE_GIT_TAG	main	local	prd	
CREATE_GIT_TAG	main	ci	devops	
CREATE_GIT_TAG	main	ci	sbx	
CREATE_GIT_TAG	main	ci	tst	
CREATE_GIT_TAG	main	ci	stg	
CREATE_GIT_TAG	main	ci	prd	
CREATE_GIT_TAG	feature	local	devops	
CREATE_GIT_TAG	feature	local	sbx	
CREATE_GIT_TAG	feature	local	tst	
CREATE_GIT_TAG	feature	local	stg	
CREATE_GIT_TAG	feature	local	prd	
CREATE_GIT_TAG	feature	ci	devops	
CREATE_GIT_TAG	feature	ci	sbx	
CREATE_GIT_TAG	feature	ci	tst	
CREATE_GIT_TAG	feature	ci	stg	
CREATE_GIT_TAG	feature	ci	prd	
CREATE_GIT_TAG	fix	local	devops	
CREATE_GIT_TAG	fix	local	sbx	
CREATE_GIT_TAG	fix	local	tst	
CREATE_GIT_TAG	fix	local	stg	
CREATE_GIT_TAG	fix	local	prd	
CREATE_GIT_TAG	fix	ci	devops	
CREATE_GIT_TAG	fix	ci	sbx	
CREATE_GIT_TAG	fix	ci	tst	
CREATE_GIT_TAG	fix	ci	stg	
CREATE_GIT_TAG	fix	ci	prd	
CREATE_GIT_TAG	doc	local	devops	
CREATE_GIT_TAG	doc	local	sbx	
CREATE_GIT_TAG	doc	local	tst	
CREATE_GIT_TAG	doc	local	stg	
CREATE_GIT_TAG	doc	local	prd	
CREATE_GIT_TAG	doc	ci	devops	
CREATE_GIT_TAG	doc	ci	sbx	
CREATE_GIT_TAG	doc	ci	tst	
CREATE_GIT_TAG	doc	ci	stg	
CREATE_GIT_TAG	doc	ci	prd	
CREATE_GIT_TAG	app	local	devops	
CREATE_GIT_TAG	app	local	sbx	
CREATE_GIT_TAG	app	local	tst	
CREATE_GIT_TAG	app	local	stg	
CREATE_GIT_TAG	app	local	prd	
CREATE_GIT_TAG	app	ci	devops	
CREATE_GIT_TAG	app	ci	sbx	
CREATE_GIT_TAG	app	ci	tst	
CREATE_GIT_TAG	app	ci	stg	
CREATE_GIT_TAG	app	ci	prd	
CREATE_GIT_TAG	release	local	devops	
CREATE_GIT_TAG	release	local	sbx	
CREATE_GIT_TAG	release	local	tst	
CREATE_GIT_TAG	release	local	stg	
CREATE_GIT_TAG	release	local	prd	
CREATE_GIT_TAG	release	ci	devops	
CREATE_GIT_TAG	release	ci	sbx	
CREATE_GIT_TAG	release	ci	tst	
CREATE_GIT_TAG	release	ci	stg	
CREATE_GIT_TAG	release	ci	prd	
CREATE_GIT_TAG	cleanup	local	devops	
CREATE_GIT_TAG	cleanup	local	sbx	
CREATE_GIT_TAG	cleanup	local	tst	
CREATE_GIT_TAG	cleanup	local	stg	
CREATE_GIT_TAG	cleanup	local	prd	
CREATE_GIT_TAG	cleanup	ci	devops	
CREATE_GIT_TAG	cleanup	ci	sbx	
CREATE_GIT_TAG	cleanup	ci	tst	
CREATE_GIT_TAG	cleanup	ci	stg	
CREATE_GIT_TAG	cleanup	ci	prd	
DELETE_CDK_STACK	main	local	devops	
DELETE_CDK_STACK	main	local	sbx	
DELETE_CDK_STACK	main	local	tst	
DELETE_CDK_STACK	main	local	stg	
DELETE_CDK_STACK	main	local	prd	
DELETE_CDK_STACK	main	ci	devops	
DELETE_CDK_STACK	main	ci	sbx	
DELETE_CDK_STACK	main	ci	tst	
DELETE_CDK_STACK	main	ci	stg	
DELETE_CDK_STACK	main	ci	prd	
DELETE_CDK_STACK	feature	local	devops	
DELETE_CDK_STACK	feature	local	sbx	
DELETE_CDK_STACK	feature	local	tst	
DELETE_CDK_STACK	feature	local	stg	
DELETE_CDK_STACK	feature	local	prd	
DELETE_CDK_STACK	feature	ci	devops	
DELETE_CDK_STACK	feature	ci	sbx	
DELETE_CDK_STACK	feature	ci	tst	
DELETE_CDK_STACK	feature	ci	stg	
DELETE_CDK_STACK	feature	ci	prd	
DELETE_CDK_STACK	fix	local	devops	
DELETE_CDK_STACK	fix	local	sbx	
DELETE_CDK_STACK	fix	local	tst	
DELETE_CDK_STACK	fix	local	stg	
DELETE_CDK_STACK	fix	local	prd	
DELETE_CDK_STACK	fix	ci	devops	
DELETE_CDK_STACK	fix	ci	sbx	
DELETE_CDK_STACK	fix	ci	tst	
DELETE_CDK_STACK	fix	ci	stg	
DELETE_CDK_STACK	fix	ci	prd	
DELETE_CDK_STACK	doc	local	devops	
DELETE_CDK_STACK	doc	local	sbx	
DELETE_CDK_STACK	doc	local	tst	
DELETE_CDK_STACK	doc	local	stg	
DELETE_CDK_STACK	doc	local	prd	
DELETE_CDK_STACK	doc	ci	devops	
DELETE_CDK_STACK	doc	ci	sbx	
DELETE_CDK_STACK	doc	ci	tst	
DELETE_CDK_STACK	doc	ci	stg	
DELETE_CDK_STACK	doc	ci	prd	
DELETE_CDK_STACK	app	local	devops	
DELETE_CDK_STACK	app	local	sbx	
DELETE_CDK_STACK	app	local	tst	
DELETE_CDK_STACK	app	local	stg	
DELETE_CDK_STACK	app	local	prd	
DELETE_CDK_STACK	app	ci	devops	
DELETE_CDK_STACK	app	ci	sbx	
DELETE_CDK_STACK	app	ci	tst	
DELETE_CDK_STACK	app	ci	stg	
DELETE_CDK_STACK	app	ci	prd	
DELETE_CDK_STACK	release	local	devops	
DELETE_CDK_STACK	release	local	sbx	
DELETE_CDK_STACK	release	local	tst	
DELETE_CDK_STACK	release	local	stg	
DELETE_CDK_STACK	release	local	prd	
DELETE_CDK_STACK	release	ci	devops	
DELETE_CDK_STACK	release	ci	sbx	
DELETE_CDK_STACK	release	ci	tst	
DELETE_CDK_STACK	release	ci	stg	
DELETE_CDK_STACK	release	ci	prd	
DELETE_CDK_STACK	cleanup	local	devops	
DELETE_CDK_STACK	cleanup	local	sbx	
DELETE_CDK_STACK	cleanup	local	tst	
DELETE_CDK_STACK	cleanup	local	stg	
DELETE_CDK_STACK	cleanup	local	prd	
DELETE_CDK_STACK	cleanup	ci	devops	
DELETE_CDK_STACK	cleanup	ci	sbx	
DELETE_CDK_STACK	cleanup	ci	tst	
DELETE_CDK_STACK	cleanup	ci	stg	
DELETE_CDK_STACK	cleanup	ci	prd	
DELETE_ARTIFACT_SNAPSHOT	main	local	devops	
DELETE_ARTIFACT_SNAPSHOT	main	local	sbx	
DELETE_ARTIFACT_SNAPSHOT	main	local	tst	
DELETE_ARTIFACT_SNAPSHOT	main	local	stg	
DELETE_ARTIFACT_SNAPSHOT	main	local	prd	
DELETE_ARTIFACT_SNAPSHOT	main	ci	devops	
DELETE_ARTIFACT_SNAPSHOT	main	ci	sbx	
DELETE_ARTIFACT_SNAPSHOT	main	ci	tst	
DELETE_ARTIFACT_SNAPSHOT	main	ci	stg	
DELETE_ARTIFACT_SNAPSHOT	main	ci	prd	
DELETE_ARTIFACT_SNAPSHOT	feature	local	devops	
DELETE_ARTIFACT_SNAPSHOT	feature	local	sbx	
DELETE_ARTIFACT_SNAPSHOT	feature	local	tst	
DELETE_ARTIFACT_SNAPSHOT	feature	local	stg	
DELETE_ARTIFACT_SNAPSHOT	feature	local	prd	
DELETE_ARTIFACT_SNAPSHOT	feature	ci	devops	
DELETE_ARTIFACT_SNAPSHOT	feature	ci	sbx	
DELETE_ARTIFACT_SNAPSHOT	feature	ci	tst	
DELETE_ARTIFACT_SNAPSHOT	feature	ci	stg	
DELETE_ARTIFACT_SNAPSHOT	feature	ci	prd	
DELETE_ARTIFACT_SNAPSHOT	fix	local	devops	
DELETE_ARTIFACT_SNAPSHOT	fix	local	sbx	
DELETE_ARTIFACT_SNAPSHOT	fix	local	tst	
DELETE_ARTIFACT_SNAPSHOT	fix	local	stg	
DELETE_ARTIFACT_SNAPSHOT	fix	local	prd	
DELETE_ARTIFACT_SNAPSHOT	fix	ci	devops	
DELETE_ARTIFACT_SNAPSHOT	fix	ci	sbx	
DELETE_ARTIFACT_SNAPSHOT	fix	ci	tst	
DELETE_ARTIFACT_SNAPSHOT	fix	ci	stg	
DELETE_ARTIFACT_SNAPSHOT	fix	ci	prd	
DELETE_ARTIFACT_SNAPSHOT	doc	local	devops	
DELETE_ARTIFACT_SNAPSHOT	doc	local	sbx	
DELETE_ARTIFACT_SNAPSHOT	doc	local	tst	
DELETE_ARTIFACT_SNAPSHOT	doc	local	stg	
DELETE_ARTIFACT_SNAPSHOT	doc	local	prd	
DELETE_ARTIFACT_SNAPSHOT	doc	ci	devops	
DELETE_ARTIFACT_SNAPSHOT	doc	ci	sbx	
DELETE_ARTIFACT_SNAPSHOT	doc	ci	tst	
DELETE_ARTIFACT_SNAPSHOT	doc	ci	stg	
DELETE_ARTIFACT_SNAPSHOT	doc	ci	prd	
DELETE_ARTIFACT_SNAPSHOT	app	local	devops	
DELETE_ARTIFACT_SNAPSHOT	app	local	sbx	
DELETE_ARTIFACT_SNAPSHOT	app	local	tst	
DELETE_ARTIFACT_SNAPSHOT	app	local	stg	
DELETE_ARTIFACT_SNAPSHOT	app	local	prd	
DELETE_ARTIFACT_SNAPSHOT	app	ci	devops	
DELETE_ARTIFACT_SNAPSHOT	app	ci	sbx	
DELETE_ARTIFACT_SNAPSHOT	app	ci	tst	
DELETE_ARTIFACT_SNAPSHOT	app	ci	stg	
DELETE_ARTIFACT_SNAPSHOT	app	ci	prd	
DELETE_ARTIFACT_SNAPSHOT	release	local	devops	
DELETE_ARTIFACT_SNAPSHOT	release	local	sbx	
DELETE_ARTIFACT_SNAPSHOT	release	local	tst	
DELETE_ARTIFACT_SNAPSHOT	release	local	stg	
DELETE_ARTIFACT_SNAPSHOT	release	local	prd	
DELETE_ARTIFACT_SNAPSHOT	release	ci	devops	
DELETE_ARTIFACT_SNAPSHOT	release	ci	sbx	
DELETE_ARTIFACT_SNAPSHOT	release	ci	tst	
DELETE_ARTIFACT_SNAPSHOT	release	ci	stg	
DELETE_ARTIFACT_SNAPSHOT	release	ci	prd	
DELETE_ARTIFACT_SNAPSHOT	cleanup	local	devops	
DELETE_ARTIFACT_SNAPSHOT	cleanup	local	sbx	
DELETE_ARTIFACT_SNAPSHOT	cleanup	local	tst	
DELETE_ARTIFACT_SNAPSHOT	cleanup	local	stg	
DELETE_ARTIFACT_SNAPSHOT	cleanup	local	prd	
DELETE_ARTIFACT_SNAPSHOT	cleanup	ci	devops	
DELETE_ARTIFACT_SNAPSHOT	cleanup	ci	sbx	
DELETE_ARTIFACT_SNAPSHOT	cleanup	ci	tst	
DELETE_ARTIFACT_SNAPSHOT	cleanup	ci	stg	
DELETE_ARTIFACT_SNAPSHOT	cleanup	ci	prd	
DELETE_CONFIG	main	local	devops	
DELETE_CONFIG	main	local	sbx	
DELETE_CONFIG	main	local	tst	
DELETE_CONFIG	main	local	stg	
DELETE_CONFIG	main	local	prd	
DELETE_CONFIG	main	ci	devops	
DELETE_CONFIG	main	ci	sbx	
DELETE_CONFIG	main	ci	tst	
DELETE_CONFIG	main	ci	stg	
DELETE_CONFIG	main	ci	prd	
DELETE_CONFIG	feature	local	devops	
DELETE_CONFIG	feature	local	sbx	
DELETE_CONFIG	feature	local	tst	
DELETE_CONFIG	feature	local	stg	
DELETE_CONFIG	feature	local	prd	
DELETE_CONFIG	feature	ci	devops	
DELETE_CONFIG	feature	ci	sbx	
DELETE_CONFIG	feature	ci	tst	
DELETE_CONFIG	feature	ci	stg	
DELETE_CONFIG	feature	ci	prd	
DELETE_CONFIG	fix	local	devops	
DELETE_CONFIG	fix	local	sbx	
DELETE_CONFIG	fix	local	tst	
DELETE_CONFIG	fix	local	stg	
DELETE_CONFIG	fix	local	prd	
DELETE_CONFIG	fix	ci	devops	
DELETE_CONFIG	fix	ci	sbx	
DELETE_CONFIG	fix	ci	tst	
DELETE_CONFIG	fix	ci	stg	
DELETE_CONFIG	fix	ci	prd	
DELETE_CONFIG	doc	local	devops	
DELETE_CONFIG	doc	local	sbx	
DELETE_CONFIG	doc	local	tst	
DELETE_CONFIG	doc	local	stg	
DELETE_CONFIG	doc	local	prd	
DELETE_CONFIG	doc	ci	devops	
DELETE_CONFIG	doc	ci	sbx	
DELETE_CONFIG	doc	ci	tst	
DELETE_CONFIG	doc	ci	stg	
DELETE_CONFIG	doc	ci	prd	
DELETE_CONFIG	app	local	devops	
DELETE_CONFIG	app	local	sbx	
DELETE_CONFIG	app	local	tst	
DELETE_CONFIG	app	local	stg	
DELETE_CONFIG	app	local	prd	
DELETE_CONFIG	app	ci	devops	
DELETE_CONFIG	app	ci	sbx	
DELETE_CONFIG	app	ci	tst	
DELETE_CONFIG	app	ci	stg	
DELETE_CONFIG	app	ci	prd	
DELETE_CONFIG	release	local	devops	
DELETE_CONFIG	release	local	sbx	
DELETE_CONFIG	release	local	tst	
DELETE_CONFIG	release	local	stg	
DELETE_CONFIG	release	local	prd	
DELETE_CONFIG	release	ci	devops	
DELETE_CONFIG	release	ci	sbx	
DELETE_CONFIG	release	ci	tst	
DELETE_CONFIG	release	ci	stg	
DELETE_CONFIG	release	ci	prd	
DELETE_CONFIG	cleanup	local	devops	
DELETE_CONFIG	cleanup	local	sbx	
DELETE_CONFIG	cleanup	local	tst	
DELETE_CONFIG	cleanup	local	stg	
DELETE_CONFIG	cleanup	local	prd	
DELETE_CONFIG	cleanup	ci	devops	
DELETE_CONFIG	cleanup	ci	sbx	
DELETE_CONFIG	cleanup	ci	tst	
DELETE_CONFIG	cleanup	ci	stg	
DELETE_CONFIG	cleanup	ci	prd	
